{
  "Version": 1,
  "ManifestType": "Publish",
  "Endpoints": [
    {
      "Route": "certificacion/Logo Parroquial-03.0xkbw0pxac.png",
      "AssetFile": "certificacion/Logo Parroquial-03.png",
      "Selectors": [],
      "ResponseHeaders": [
        {
          "Name": "Accept-Ranges",
          "Value": "bytes"
        },
        {
          "Name": "Cache-Control",
          "Value": "max-age=31536000, immutable"
        },
        {
          "Name": "Content-Length",
          "Value": "599616"
        },
        {
          "Name": "Content-Type",
          "Value": "image/png"
        },
        {
          "Name": "ETag",
          "Value": "\"XNHaUNfY/4CseGGMdK7N0E3tNRtTK2RV38DMB/ove0Y=\""
        },
        {
          "Name": "Last-Modified",
          "Value": "Tue, 20 Aug 2024 04:57:01 GMT"
        }
      ],
      "EndpointProperties": [
        {
          "Name": "fingerprint",
          "Value": "0xkbw0pxac"
        },
        {
          "Name": "integrity",
          "Value": "sha256-XNHaUNfY/4CseGGMdK7N0E3tNRtTK2RV38DMB/ove0Y="
        },
        {
          "Name": "label",
          "Value": "certificacion/Logo Parroquial-03.png"
        }
      ]
    },
    {
      "Route": "certificacion/Logo Parroquial-03.png",
      "AssetFile": "certificacion/Logo Parroquial-03.png",
      "Selectors": [],
      "ResponseHeaders": [
        {
          "Name": "Accept-Ranges",
          "Value": "bytes"
        },
        {
          "Name": "Cache-Control",
          "Value": "max-age=3600, must-revalidate"
        },
        {
          "Name": "Content-Length",
          "Value": "599616"
        },
        {
          "Name": "Content-Type",
          "Value": "image/png"
        },
        {
          "Name": "ETag",
          "Value": "\"XNHaUNfY/4CseGGMdK7N0E3tNRtTK2RV38DMB/ove0Y=\""
        },
        {
          "Name": "Last-Modified",
          "Value": "Tue, 20 Aug 2024 04:57:01 GMT"
        }
      ],
      "EndpointProperties": [
        {
          "Name": "integrity",
          "Value": "sha256-XNHaUNfY/4CseGGMdK7N0E3tNRtTK2RV38DMB/ove0Y="
        }
      ]
    },
    {
      "Route": "certificacion/Montserrat-Bold.0f68wwysiu.ttf",
      "AssetFile": "certificacion/Montserrat-Bold.ttf",
      "Selectors": [],
      "ResponseHeaders": [
        {
          "Name": "Accept-Ranges",
          "Value": "bytes"
        },
        {
          "Name": "Cache-Control",
          "Value": "max-age=31536000, immutable"
        },
        {
          "Name": "Content-Length",
          "Value": "335788"
        },
        {
          "Name": "Content-Type",
          "Value": "application/x-font-ttf"
        },
        {
          "Name": "ETag",
          "Value": "\"hG1YI+XJCaWq1J771x3V8zIKhkD/+GhAv31SnI2GYKU=\""
        },
        {
          "Name": "Last-Modified",
          "Value": "Mon, 18 Nov 2024 22:01:05 GMT"
        }
      ],
      "EndpointProperties": [
        {
          "Name": "fingerprint",
          "Value": "0f68wwysiu"
        },
        {
          "Name": "integrity",
          "Value": "sha256-hG1YI+XJCaWq1J771x3V8zIKhkD/+GhAv31SnI2GYKU="
        },
        {
          "Name": "label",
          "Value": "certificacion/Montserrat-Bold.ttf"
        }
      ]
    },
    {
      "Route": "certificacion/Montserrat-Bold.ttf",
      "AssetFile": "certificacion/Montserrat-Bold.ttf",
      "Selectors": [],
      "ResponseHeaders": [
        {
          "Name": "Accept-Ranges",
          "Value": "bytes"
        },
        {
          "Name": "Cache-Control",
          "Value": "no-cache"
        },
        {
          "Name": "Content-Length",
          "Value": "335788"
        },
        {
          "Name": "Content-Type",
          "Value": "application/x-font-ttf"
        },
        {
          "Name": "ETag",
          "Value": "\"hG1YI+XJCaWq1J771x3V8zIKhkD/+GhAv31SnI2GYKU=\""
        },
        {
          "Name": "Last-Modified",
          "Value": "Mon, 18 Nov 2024 22:01:05 GMT"
        }
      ],
      "EndpointProperties": [
        {
          "Name": "integrity",
          "Value": "sha256-hG1YI+XJCaWq1J771x3V8zIKhkD/+GhAv31SnI2GYKU="
        }
      ]
    },
    {
      "Route": "certificacion/Montserrat-Regular.ttf",
      "AssetFile": "certificacion/Montserrat-Regular.ttf",
      "Selectors": [],
      "ResponseHeaders": [
        {
          "Name": "Accept-Ranges",
          "Value": "bytes"
        },
        {
          "Name": "Cache-Control",
          "Value": "no-cache"
        },
        {
          "Name": "Content-Length",
          "Value": "330948"
        },
        {
          "Name": "Content-Type",
          "Value": "application/x-font-ttf"
        },
        {
          "Name": "ETag",
          "Value": "\"9aPwLEpy8doRxtrfT9eMB7LxRaNO1G64de0Nooy9NIw=\""
        },
        {
          "Name": "Last-Modified",
          "Value": "Mon, 18 Nov 2024 21:59:00 GMT"
        }
      ],
      "EndpointProperties": [
        {
          "Name": "integrity",
          "Value": "sha256-9aPwLEpy8doRxtrfT9eMB7LxRaNO1G64de0Nooy9NIw="
        }
      ]
    },
    {
      "Route": "certificacion/Montserrat-Regular.x1juw6fwdo.ttf",
      "AssetFile": "certificacion/Montserrat-Regular.ttf",
      "Selectors": [],
      "ResponseHeaders": [
        {
          "Name": "Accept-Ranges",
          "Value": "bytes"
        },
        {
          "Name": "Cache-Control",
          "Value": "max-age=31536000, immutable"
        },
        {
          "Name": "Content-Length",
          "Value": "330948"
        },
        {
          "Name": "Content-Type",
          "Value": "application/x-font-ttf"
        },
        {
          "Name": "ETag",
          "Value": "\"9aPwLEpy8doRxtrfT9eMB7LxRaNO1G64de0Nooy9NIw=\""
        },
        {
          "Name": "Last-Modified",
          "Value": "Mon, 18 Nov 2024 21:59:00 GMT"
        }
      ],
      "EndpointProperties": [
        {
          "Name": "fingerprint",
          "Value": "x1juw6fwdo"
        },
        {
          "Name": "integrity",
          "Value": "sha256-9aPwLEpy8doRxtrfT9eMB7LxRaNO1G64de0Nooy9NIw="
        },
        {
          "Name": "label",
          "Value": "certificacion/Montserrat-Regular.ttf"
        }
      ]
    },
    {
      "Route": "certificacion/Montserrat.32toxddriz.ttf",
      "AssetFile": "certificacion/Montserrat.ttf",
      "Selectors": [],
      "ResponseHeaders": [
        {
          "Name": "Accept-Ranges",
          "Value": "bytes"
        },
        {
          "Name": "Cache-Control",
          "Value": "max-age=31536000, immutable"
        },
        {
          "Name": "Content-Length",
          "Value": "394140"
        },
        {
          "Name": "Content-Type",
          "Value": "application/x-font-ttf"
        },
        {
          "Name": "ETag",
          "Value": "\"5bGj+6xuW/nyCGD5olSr45JAQ59EVWjYzTdIJ4nl3Kw=\""
        },
        {
          "Name": "Last-Modified",
          "Value": "Mon, 26 Aug 2024 13:39:15 GMT"
        }
      ],
      "EndpointProperties": [
        {
          "Name": "fingerprint",
          "Value": "32toxddriz"
        },
        {
          "Name": "integrity",
          "Value": "sha256-5bGj+6xuW/nyCGD5olSr45JAQ59EVWjYzTdIJ4nl3Kw="
        },
        {
          "Name": "label",
          "Value": "certificacion/Montserrat.ttf"
        }
      ]
    },
    {
      "Route": "certificacion/Montserrat.ttf",
      "AssetFile": "certificacion/Montserrat.ttf",
      "Selectors": [],
      "ResponseHeaders": [
        {
          "Name": "Accept-Ranges",
          "Value": "bytes"
        },
        {
          "Name": "Cache-Control",
          "Value": "no-cache"
        },
        {
          "Name": "Content-Length",
          "Value": "394140"
        },
        {
          "Name": "Content-Type",
          "Value": "application/x-font-ttf"
        },
        {
          "Name": "ETag",
          "Value": "\"5bGj+6xuW/nyCGD5olSr45JAQ59EVWjYzTdIJ4nl3Kw=\""
        },
        {
          "Name": "Last-Modified",
          "Value": "Mon, 26 Aug 2024 13:39:15 GMT"
        }
      ],
      "EndpointProperties": [
        {
          "Name": "integrity",
          "Value": "sha256-5bGj+6xuW/nyCGD5olSr45JAQ59EVWjYzTdIJ4nl3Kw="
        }
      ]
    },
    {
      "Route": "certificacion/logo-parroquia.png",
      "AssetFile": "certificacion/logo-parroquia.png",
      "Selectors": [],
      "ResponseHeaders": [
        {
          "Name": "Accept-Ranges",
          "Value": "bytes"
        },
        {
          "Name": "Cache-Control",
          "Value": "max-age=3600, must-revalidate"
        },
        {
          "Name": "Content-Length",
          "Value": "1070613"
        },
        {
          "Name": "Content-Type",
          "Value": "image/png"
        },
        {
          "Name": "ETag",
          "Value": "\"U5Gz/8MGQYlLCaAr8ZWixethLDsfqSj9RDKWuodCJs0=\""
        },
        {
          "Name": "Last-Modified",
          "Value": "Thu, 22 Aug 2024 03:45:12 GMT"
        }
      ],
      "EndpointProperties": [
        {
          "Name": "integrity",
          "Value": "sha256-U5Gz/8MGQYlLCaAr8ZWixethLDsfqSj9RDKWuodCJs0="
        }
      ]
    },
    {
      "Route": "certificacion/logo-parroquia.rew5yvu9ya.png",
      "AssetFile": "certificacion/logo-parroquia.png",
      "Selectors": [],
      "ResponseHeaders": [
        {
          "Name": "Accept-Ranges",
          "Value": "bytes"
        },
        {
          "Name": "Cache-Control",
          "Value": "max-age=31536000, immutable"
        },
        {
          "Name": "Content-Length",
          "Value": "1070613"
        },
        {
          "Name": "Content-Type",
          "Value": "image/png"
        },
        {
          "Name": "ETag",
          "Value": "\"U5Gz/8MGQYlLCaAr8ZWixethLDsfqSj9RDKWuodCJs0=\""
        },
        {
          "Name": "Last-Modified",
          "Value": "Thu, 22 Aug 2024 03:45:12 GMT"
        }
      ],
      "EndpointProperties": [
        {
          "Name": "fingerprint",
          "Value": "rew5yvu9ya"
        },
        {
          "Name": "integrity",
          "Value": "sha256-U5Gz/8MGQYlLCaAr8ZWixethLDsfqSj9RDKWuodCJs0="
        },
        {
          "Name": "label",
          "Value": "certificacion/logo-parroquia.png"
        }
      ]
    },
    {
      "Route": "user-images/107d65fc-16b7-47b0-b8e9-76316576f054.png",
      "AssetFile": "user-images/107d65fc-16b7-47b0-b8e9-76316576f054.png",
      "Selectors": [],
      "ResponseHeaders": [
        {
          "Name": "Accept-Ranges",
          "Value": "bytes"
        },
        {
          "Name": "Cache-Control",
          "Value": "max-age=3600, must-revalidate"
        },
        {
          "Name": "Content-Length",
          "Value": "32910"
        },
        {
          "Name": "Content-Type",
          "Value": "image/png"
        },
        {
          "Name": "ETag",
          "Value": "\"++wNSiU3trHXfmKNc9h4RZuT8y/kaAFNwW6iovGsmPY=\""
        },
        {
          "Name": "Last-Modified",
          "Value": "Tue, 15 Oct 2024 04:28:53 GMT"
        }
      ],
      "EndpointProperties": [
        {
          "Name": "integrity",
          "Value": "sha256-++wNSiU3trHXfmKNc9h4RZuT8y/kaAFNwW6iovGsmPY="
        }
      ]
    },
    {
      "Route": "user-images/107d65fc-16b7-47b0-b8e9-76316576f054.xlvkyd499j.png",
      "AssetFile": "user-images/107d65fc-16b7-47b0-b8e9-76316576f054.png",
      "Selectors": [],
      "ResponseHeaders": [
        {
          "Name": "Accept-Ranges",
          "Value": "bytes"
        },
        {
          "Name": "Cache-Control",
          "Value": "max-age=31536000, immutable"
        },
        {
          "Name": "Content-Length",
          "Value": "32910"
        },
        {
          "Name": "Content-Type",
          "Value": "image/png"
        },
        {
          "Name": "ETag",
          "Value": "\"++wNSiU3trHXfmKNc9h4RZuT8y/kaAFNwW6iovGsmPY=\""
        },
        {
          "Name": "Last-Modified",
          "Value": "Tue, 15 Oct 2024 04:28:53 GMT"
        }
      ],
      "EndpointProperties": [
        {
          "Name": "fingerprint",
          "Value": "xlvkyd499j"
        },
        {
          "Name": "integrity",
          "Value": "sha256-++wNSiU3trHXfmKNc9h4RZuT8y/kaAFNwW6iovGsmPY="
        },
        {
          "Name": "label",
          "Value": "user-images/107d65fc-16b7-47b0-b8e9-76316576f054.png"
        }
      ]
    },
    {
      "Route": "user-images/27699923-c491-4b0e-87aa-33d4becb4ac3.k9jsqf6kpk.png",
      "AssetFile": "user-images/27699923-c491-4b0e-87aa-33d4becb4ac3.png",
      "Selectors": [],
      "ResponseHeaders": [
        {
          "Name": "Accept-Ranges",
          "Value": "bytes"
        },
        {
          "Name": "Cache-Control",
          "Value": "max-age=31536000, immutable"
        },
        {
          "Name": "Content-Length",
          "Value": "9696"
        },
        {
          "Name": "Content-Type",
          "Value": "image/png"
        },
        {
          "Name": "ETag",
          "Value": "\"eFmB4wPVqD/H7PE6h13yM7dc7HB44Cq3L/dHLPN43YY=\""
        },
        {
          "Name": "Last-Modified",
          "Value": "Tue, 15 Oct 2024 04:18:34 GMT"
        }
      ],
      "EndpointProperties": [
        {
          "Name": "fingerprint",
          "Value": "k9jsqf6kpk"
        },
        {
          "Name": "integrity",
          "Value": "sha256-eFmB4wPVqD/H7PE6h13yM7dc7HB44Cq3L/dHLPN43YY="
        },
        {
          "Name": "label",
          "Value": "user-images/27699923-c491-4b0e-87aa-33d4becb4ac3.png"
        }
      ]
    },
    {
      "Route": "user-images/27699923-c491-4b0e-87aa-33d4becb4ac3.png",
      "AssetFile": "user-images/27699923-c491-4b0e-87aa-33d4becb4ac3.png",
      "Selectors": [],
      "ResponseHeaders": [
        {
          "Name": "Accept-Ranges",
          "Value": "bytes"
        },
        {
          "Name": "Cache-Control",
          "Value": "max-age=3600, must-revalidate"
        },
        {
          "Name": "Content-Length",
          "Value": "9696"
        },
        {
          "Name": "Content-Type",
          "Value": "image/png"
        },
        {
          "Name": "ETag",
          "Value": "\"eFmB4wPVqD/H7PE6h13yM7dc7HB44Cq3L/dHLPN43YY=\""
        },
        {
          "Name": "Last-Modified",
          "Value": "Tue, 15 Oct 2024 04:18:34 GMT"
        }
      ],
      "EndpointProperties": [
        {
          "Name": "integrity",
          "Value": "sha256-eFmB4wPVqD/H7PE6h13yM7dc7HB44Cq3L/dHLPN43YY="
        }
      ]
    },
    {
      "Route": "user-images/690884ac-48ab-4120-a894-812acc2420f2.k9jsqf6kpk.png",
      "AssetFile": "user-images/690884ac-48ab-4120-a894-812acc2420f2.png",
      "Selectors": [],
      "ResponseHeaders": [
        {
          "Name": "Accept-Ranges",
          "Value": "bytes"
        },
        {
          "Name": "Cache-Control",
          "Value": "max-age=31536000, immutable"
        },
        {
          "Name": "Content-Length",
          "Value": "9696"
        },
        {
          "Name": "Content-Type",
          "Value": "image/png"
        },
        {
          "Name": "ETag",
          "Value": "\"eFmB4wPVqD/H7PE6h13yM7dc7HB44Cq3L/dHLPN43YY=\""
        },
        {
          "Name": "Last-Modified",
          "Value": "Tue, 15 Oct 2024 04:18:52 GMT"
        }
      ],
      "EndpointProperties": [
        {
          "Name": "fingerprint",
          "Value": "k9jsqf6kpk"
        },
        {
          "Name": "integrity",
          "Value": "sha256-eFmB4wPVqD/H7PE6h13yM7dc7HB44Cq3L/dHLPN43YY="
        },
        {
          "Name": "label",
          "Value": "user-images/690884ac-48ab-4120-a894-812acc2420f2.png"
        }
      ]
    },
    {
      "Route": "user-images/690884ac-48ab-4120-a894-812acc2420f2.png",
      "AssetFile": "user-images/690884ac-48ab-4120-a894-812acc2420f2.png",
      "Selectors": [],
      "ResponseHeaders": [
        {
          "Name": "Accept-Ranges",
          "Value": "bytes"
        },
        {
          "Name": "Cache-Control",
          "Value": "max-age=3600, must-revalidate"
        },
        {
          "Name": "Content-Length",
          "Value": "9696"
        },
        {
          "Name": "Content-Type",
          "Value": "image/png"
        },
        {
          "Name": "ETag",
          "Value": "\"eFmB4wPVqD/H7PE6h13yM7dc7HB44Cq3L/dHLPN43YY=\""
        },
        {
          "Name": "Last-Modified",
          "Value": "Tue, 15 Oct 2024 04:18:52 GMT"
        }
      ],
      "EndpointProperties": [
        {
          "Name": "integrity",
          "Value": "sha256-eFmB4wPVqD/H7PE6h13yM7dc7HB44Cq3L/dHLPN43YY="
        }
      ]
    },
    {
      "Route": "user-images/93148438-86b3-45d1-88f3-d26b07716944.k9jsqf6kpk.png",
      "AssetFile": "user-images/93148438-86b3-45d1-88f3-d26b07716944.png",
      "Selectors": [],
      "ResponseHeaders": [
        {
          "Name": "Accept-Ranges",
          "Value": "bytes"
        },
        {
          "Name": "Cache-Control",
          "Value": "max-age=31536000, immutable"
        },
        {
          "Name": "Content-Length",
          "Value": "9696"
        },
        {
          "Name": "Content-Type",
          "Value": "image/png"
        },
        {
          "Name": "ETag",
          "Value": "\"eFmB4wPVqD/H7PE6h13yM7dc7HB44Cq3L/dHLPN43YY=\""
        },
        {
          "Name": "Last-Modified",
          "Value": "Tue, 15 Oct 2024 04:20:12 GMT"
        }
      ],
      "EndpointProperties": [
        {
          "Name": "fingerprint",
          "Value": "k9jsqf6kpk"
        },
        {
          "Name": "integrity",
          "Value": "sha256-eFmB4wPVqD/H7PE6h13yM7dc7HB44Cq3L/dHLPN43YY="
        },
        {
          "Name": "label",
          "Value": "user-images/93148438-86b3-45d1-88f3-d26b07716944.png"
        }
      ]
    },
    {
      "Route": "user-images/93148438-86b3-45d1-88f3-d26b07716944.png",
      "AssetFile": "user-images/93148438-86b3-45d1-88f3-d26b07716944.png",
      "Selectors": [],
      "ResponseHeaders": [
        {
          "Name": "Accept-Ranges",
          "Value": "bytes"
        },
        {
          "Name": "Cache-Control",
          "Value": "max-age=3600, must-revalidate"
        },
        {
          "Name": "Content-Length",
          "Value": "9696"
        },
        {
          "Name": "Content-Type",
          "Value": "image/png"
        },
        {
          "Name": "ETag",
          "Value": "\"eFmB4wPVqD/H7PE6h13yM7dc7HB44Cq3L/dHLPN43YY=\""
        },
        {
          "Name": "Last-Modified",
          "Value": "Tue, 15 Oct 2024 04:20:12 GMT"
        }
      ],
      "EndpointProperties": [
        {
          "Name": "integrity",
          "Value": "sha256-eFmB4wPVqD/H7PE6h13yM7dc7HB44Cq3L/dHLPN43YY="
        }
      ]
    },
    {
      "Route": "user-images/95ccc8ff-7a3f-47a7-9a13-4c3428d56a5b.k9jsqf6kpk.png",
      "AssetFile": "user-images/95ccc8ff-7a3f-47a7-9a13-4c3428d56a5b.png",
      "Selectors": [],
      "ResponseHeaders": [
        {
          "Name": "Accept-Ranges",
          "Value": "bytes"
        },
        {
          "Name": "Cache-Control",
          "Value": "max-age=31536000, immutable"
        },
        {
          "Name": "Content-Length",
          "Value": "9696"
        },
        {
          "Name": "Content-Type",
          "Value": "image/png"
        },
        {
          "Name": "ETag",
          "Value": "\"eFmB4wPVqD/H7PE6h13yM7dc7HB44Cq3L/dHLPN43YY=\""
        },
        {
          "Name": "Last-Modified",
          "Value": "Tue, 15 Oct 2024 04:22:33 GMT"
        }
      ],
      "EndpointProperties": [
        {
          "Name": "fingerprint",
          "Value": "k9jsqf6kpk"
        },
        {
          "Name": "integrity",
          "Value": "sha256-eFmB4wPVqD/H7PE6h13yM7dc7HB44Cq3L/dHLPN43YY="
        },
        {
          "Name": "label",
          "Value": "user-images/95ccc8ff-7a3f-47a7-9a13-4c3428d56a5b.png"
        }
      ]
    },
    {
      "Route": "user-images/95ccc8ff-7a3f-47a7-9a13-4c3428d56a5b.png",
      "AssetFile": "user-images/95ccc8ff-7a3f-47a7-9a13-4c3428d56a5b.png",
      "Selectors": [],
      "ResponseHeaders": [
        {
          "Name": "Accept-Ranges",
          "Value": "bytes"
        },
        {
          "Name": "Cache-Control",
          "Value": "max-age=3600, must-revalidate"
        },
        {
          "Name": "Content-Length",
          "Value": "9696"
        },
        {
          "Name": "Content-Type",
          "Value": "image/png"
        },
        {
          "Name": "ETag",
          "Value": "\"eFmB4wPVqD/H7PE6h13yM7dc7HB44Cq3L/dHLPN43YY=\""
        },
        {
          "Name": "Last-Modified",
          "Value": "Tue, 15 Oct 2024 04:22:33 GMT"
        }
      ],
      "EndpointProperties": [
        {
          "Name": "integrity",
          "Value": "sha256-eFmB4wPVqD/H7PE6h13yM7dc7HB44Cq3L/dHLPN43YY="
        }
      ]
    },
    {
      "Route": "user-images/b5bc8b62-5d06-4bbf-b75f-6b41b4fdd599.png",
      "AssetFile": "user-images/b5bc8b62-5d06-4bbf-b75f-6b41b4fdd599.png",
      "Selectors": [],
      "ResponseHeaders": [
        {
          "Name": "Accept-Ranges",
          "Value": "bytes"
        },
        {
          "Name": "Cache-Control",
          "Value": "max-age=3600, must-revalidate"
        },
        {
          "Name": "Content-Length",
          "Value": "32910"
        },
        {
          "Name": "Content-Type",
          "Value": "image/png"
        },
        {
          "Name": "ETag",
          "Value": "\"++wNSiU3trHXfmKNc9h4RZuT8y/kaAFNwW6iovGsmPY=\""
        },
        {
          "Name": "Last-Modified",
          "Value": "Tue, 15 Oct 2024 19:45:58 GMT"
        }
      ],
      "EndpointProperties": [
        {
          "Name": "integrity",
          "Value": "sha256-++wNSiU3trHXfmKNc9h4RZuT8y/kaAFNwW6iovGsmPY="
        }
      ]
    },
    {
      "Route": "user-images/b5bc8b62-5d06-4bbf-b75f-6b41b4fdd599.xlvkyd499j.png",
      "AssetFile": "user-images/b5bc8b62-5d06-4bbf-b75f-6b41b4fdd599.png",
      "Selectors": [],
      "ResponseHeaders": [
        {
          "Name": "Accept-Ranges",
          "Value": "bytes"
        },
        {
          "Name": "Cache-Control",
          "Value": "max-age=31536000, immutable"
        },
        {
          "Name": "Content-Length",
          "Value": "32910"
        },
        {
          "Name": "Content-Type",
          "Value": "image/png"
        },
        {
          "Name": "ETag",
          "Value": "\"++wNSiU3trHXfmKNc9h4RZuT8y/kaAFNwW6iovGsmPY=\""
        },
        {
          "Name": "Last-Modified",
          "Value": "Tue, 15 Oct 2024 19:45:58 GMT"
        }
      ],
      "EndpointProperties": [
        {
          "Name": "fingerprint",
          "Value": "xlvkyd499j"
        },
        {
          "Name": "integrity",
          "Value": "sha256-++wNSiU3trHXfmKNc9h4RZuT8y/kaAFNwW6iovGsmPY="
        },
        {
          "Name": "label",
          "Value": "user-images/b5bc8b62-5d06-4bbf-b75f-6b41b4fdd599.png"
        }
      ]
    },
    {
      "Route": "user-images/b5e81f50-df00-4f79-90a5-3c3b66dac6b3.png",
      "AssetFile": "user-images/b5e81f50-df00-4f79-90a5-3c3b66dac6b3.png",
      "Selectors": [],
      "ResponseHeaders": [
        {
          "Name": "Accept-Ranges",
          "Value": "bytes"
        },
        {
          "Name": "Cache-Control",
          "Value": "max-age=3600, must-revalidate"
        },
        {
          "Name": "Content-Length",
          "Value": "32910"
        },
        {
          "Name": "Content-Type",
          "Value": "image/png"
        },
        {
          "Name": "ETag",
          "Value": "\"++wNSiU3trHXfmKNc9h4RZuT8y/kaAFNwW6iovGsmPY=\""
        },
        {
          "Name": "Last-Modified",
          "Value": "Wed, 16 Oct 2024 04:49:08 GMT"
        }
      ],
      "EndpointProperties": [
        {
          "Name": "integrity",
          "Value": "sha256-++wNSiU3trHXfmKNc9h4RZuT8y/kaAFNwW6iovGsmPY="
        }
      ]
    },
    {
      "Route": "user-images/b5e81f50-df00-4f79-90a5-3c3b66dac6b3.xlvkyd499j.png",
      "AssetFile": "user-images/b5e81f50-df00-4f79-90a5-3c3b66dac6b3.png",
      "Selectors": [],
      "ResponseHeaders": [
        {
          "Name": "Accept-Ranges",
          "Value": "bytes"
        },
        {
          "Name": "Cache-Control",
          "Value": "max-age=31536000, immutable"
        },
        {
          "Name": "Content-Length",
          "Value": "32910"
        },
        {
          "Name": "Content-Type",
          "Value": "image/png"
        },
        {
          "Name": "ETag",
          "Value": "\"++wNSiU3trHXfmKNc9h4RZuT8y/kaAFNwW6iovGsmPY=\""
        },
        {
          "Name": "Last-Modified",
          "Value": "Wed, 16 Oct 2024 04:49:08 GMT"
        }
      ],
      "EndpointProperties": [
        {
          "Name": "fingerprint",
          "Value": "xlvkyd499j"
        },
        {
          "Name": "integrity",
          "Value": "sha256-++wNSiU3trHXfmKNc9h4RZuT8y/kaAFNwW6iovGsmPY="
        },
        {
          "Name": "label",
          "Value": "user-images/b5e81f50-df00-4f79-90a5-3c3b66dac6b3.png"
        }
      ]
    }
  ]
}